{"type":"footer","name":"Footer Group","sections":{"footer-1":{"type":"footer-01","blocks":{"592a8373-a70d-47d3-a311-321a645e1f14":{"type":"link_list","settings":{"custom_width":"20","heading":"Shop","menu":"main-menu","mg_bottom":0}},"a6e74cd6-bd47-4ada-98b5-15e28b94aef6":{"type":"link_list","settings":{"custom_width":"20","heading":"Information","menu":"main-menu","mg_bottom":0}},"2265e00a-3824-4d57-af37-fa00fa88a555":{"type":"link_list","settings":{"custom_width":"20","heading":"Customer Service","menu":"main-menu","mg_bottom":0}},"d935a709-71e0-48ff-8d74-5a367ae6d12d":{"type":"newsletter_with_social","settings":{"custom_width":"40","newsletter_margin_bottom":45,"newsletter_padding_bottom":0,"heading":"Newsletter Sign Up","subtext":"<p>Sign up for exclusive updates, new arrivals & insider only discounts<\/p>","mg_top_des":0,"mg_bottom_des":10,"spacing_input":10,"newsletter_form_width":420,"input_text":"enter your email address","input_color":"#cfcfcf","input_color_bg":"#232323","input_color_border":"#d3d3d3","button_text":"Submit","button_width":150,"button_color":"#232323","button_color_border":"#ffffff","button_color_bg":"#ffffff","button_color_bg_gradient":"","button_color_hover":"#ffffff","button_color_border_hover":"#000000","button_color_bg_hover":"#000000","button_color_bg_gradient_hover":"","check_text":"","check_text_color":"#808080","check_text_fontsize":14,"check_input_color":"#ffffff","show_social":true,"swap_social_position":false,"social_heading":"","enable_bg_social":false,"social_margin_top":35,"social_icon_width":12,"social_icon_padding":12,"social_icon_border_width":1,"social_icon_margin_right":15,"social_color":"#282828","social_border_color":"#ffffff","social_background_color":"#ffffff","social_background_color_gradient":"","social_color_hover":"#282828","social_border_color_hover":"#ffffff","social_background_color_hover":"#ffffff","social_background_color_gradient_hover":"","social_box_hover_color":"#ffffff"}},"41adb6e5-e71d-422b-a1e1-d2034c83869c":{"type":"footer_bottom","settings":{"pdtop_footer_bottom":20,"pdbottom_footer_bottom":40,"border_top":true,"footer_bottom_color":"#cfcfcf","border_top_color":"#282828","footer_bottom_bg":"#232323","footer_bottom_bg_gradient":"","show_copyright":true,"show_shop_name":true,"enable_layout_grid":true,"copyright_content":"<p>Ella Demo. All Rights Reserved. Powered by Shopify.<br\/>Shopify Themes by HaloThemes.com<\/p>","copyright_content_color":"#cfcfcf","shop_name":"","show_payment":true,"payment_margin_top":0,"payment_type":"custom","show_payment_visa":true,"show_payment_master":true,"show_payment_maestro":true,"show_payment_american_express":true,"show_payment_apple_pay":true,"show_payment_bitcoin":true,"show_payment_dankort":false,"show_payment_diners_club":false,"show_payment_discover":false,"show_payment_paypal":false,"show_payment_dogecoin":false,"show_payment_dwolla":false,"show_payment_forbrugsforeningen":false,"show_payment_jcb":false,"show_payment_litecoin":false,"show_payment_afterpay":false,"show_payment_google_pay":false,"show_payment_ideal":false,"show_payment_klarna":false,"show_payment_klarna-pay-later":false,"show_payment_shopify_pay":false,"show_payment_sofort":false}}},"block_order":["592a8373-a70d-47d3-a311-321a645e1f14","a6e74cd6-bd47-4ada-98b5-15e28b94aef6","2265e00a-3824-4d57-af37-fa00fa88a555","d935a709-71e0-48ff-8d74-5a367ae6d12d","41adb6e5-e71d-422b-a1e1-d2034c83869c"],"settings":{"container":"1170","padding_full_width":60,"type_footer_heading":"font_1","type_footer_heading_font_size":15,"type_footer_heading_font_weight":"600","type_footer_heading_text_transform":"uppercase","type_footer_heading_line_height":22,"type_footer_heading_letter_spacing":".05em","type_footer_link":"font_1","type_footer_link_font_size":12,"type_footer_link_font_weight":"400","type_footer_link_text_transform":"capitalize","type_footer_link_line_height":28,"type_footer_link_letter_spacing":".02em","enable_border_footer_top":false,"border_footer_top_color":"#282828","pdtop_footer_top":35,"pdbottom_footer_top":40,"footer_top_bg":"#232323","footer_top_bg_gradient":"","show_footer_top_bg_img":false,"footer_top_bg_position_x":"center","footer_top_bg_position_y":"center","footer_top_bg_repeat":"no-repeat","footer_top_bg_attachment":"fixed","footer_top_bg_size":"cover","footer_top_text_align":"left","footer_top_title_color":"#ffffff","footer_top_color_link":"#cfcfcf","footer_top_color_link_hover":"#ffffff"}}},"order":["footer-1"]}